"tissue","sample","individual","cor","dev","outlier"
"PONS","GSM395105","4915",0.566770485610169,39135.3826339063,TRUE
"CRBLM","GSM394938","1830",0.698932665261943,34925.9398312832,TRUE
"FCTX","GSM394962","4788",0.755374375750954,31382.4098977059,TRUE
"PONS","GSM395094","1344",0.762406860609266,29517.5278085552,TRUE
"CRBLM","GSM394814","4788",0.807807491570624,23948.2507255731,TRUE
"TCTX","GSM395376","1344",0.749667504114275,22735.0345892705,TRUE
"CRBLM","GSM394890","1846",0.857545057174074,14630.1408944604,TRUE
"TCTX","GSM395249","4841",0.82167324104131,13078.0798162725,TRUE
"TCTX","GSM395254","4788",0.862927759062246,11710.7179740479,TRUE
"FCTX","GSM395036","1830",0.885443804167429,11316.1523483303,TRUE
"CRBLM","GSM394802","1570",0.876893677139307,11120.7149005732,TRUE
"CRBLM","GSM394839","1037",0.871671654339453,10883.115737162,TRUE
"CRBLM","GSM394799","1344",0.89942166682057,10777.8748768977,TRUE
"FCTX","GSM394958","4915",0.87677568547734,10640.636517,TRUE
"TCTX","GSM395330","1830",0.874671190155667,10422.4685745919,TRUE
"FCTX","GSM394947","1344",0.877297404778312,10308.6146953115,TRUE
"CRBLM","GSM394937","1825",0.910077332939911,9664.32418660468,TRUE
"CRBLM","GSM394801","1498",0.904037083785453,9444.90286120783,TRUE
"FCTX","GSM394987","1037",0.886477681652267,8905.82118385701,FALSE
"CRBLM","GSM394874","1614",0.908257970068501,8468.10347682505,FALSE
"FCTX","GSM394954","1847",0.908123966450019,8377.16723239727,FALSE
"FCTX","GSM394957","4841",0.896088528756444,8298.50104250318,FALSE
"CRBLM","GSM394854","1260",0.906712215753164,8213.01442505468,FALSE
"PONS","GSM395114","5087",0.890136886749571,7983.93240112535,FALSE
"CRBLM","GSM394910","2069",0.904229274248331,7974.2805360791,FALSE
"PONS","GSM395184","1830",0.904381575032516,7862.83512216553,FALSE
"CRBLM","GSM394861","1535",0.919936922445828,7648.80314848977,FALSE
"FCTX","GSM394955","1865",0.920359981935716,7624.9462017567,FALSE
"CRBLM","GSM394806","1847",0.912572486066603,7591.03166327717,FALSE
"TCTX","GSM395377","4915",0.897294458807167,7530.27620804578,FALSE
"PONS","GSM395169","1613",0.908056566205934,7456.44686905402,FALSE
"TCTX","GSM395353","2093",0.891122658885611,7433.36290474253,FALSE
"TCTX","GSM395352","2069",0.903511695058809,7314.371986614,FALSE
"CRBLM","GSM394830","827",0.916109293976038,7240.51470214379,FALSE
"CRBLM","GSM394889","1840",0.923875392846069,6965.36821859079,FALSE
"PONS","GSM395097","1570",0.918952647735019,6809.37112472501,FALSE
"FCTX","GSM394949","1498",0.925646004996885,6740.29635518446,FALSE
"CRBLM","GSM394810","4915",0.922609956539945,6669.67921955482,FALSE
"CRBLM","GSM394813","4786",0.921730549342916,6604.00539057652,FALSE
"CRBLM","GSM394803","1584",0.925808779179071,6574.19138389366,FALSE
"TCTX","GSM395242","1570",0.918819866690567,6414.61486972211,FALSE
"TCTX","GSM395256","5081",0.916654649768162,6374.92491049592,FALSE
"FCTX","GSM394964","5081",0.941903727429693,6363.35491738884,FALSE
"CRBLM","GSM394842","1076",0.927829833084143,6357.90314043813,FALSE
"FCTX","GSM395023","1614",0.925470116703776,6344.6585566582,FALSE
"FCTX","GSM394950","1570",0.933011450374484,6164.54436021765,FALSE
"FCTX","GSM394945","1158",0.959065370461587,5978.35584922893,FALSE
"CRBLM","GSM394816","5081",0.939062854554096,5951.89592871056,FALSE
"PONS","GSM395112","5081",0.921923620687492,5584.8770892716,FALSE
"PONS","GSM395101","1847",0.923527709247798,5486.45700660906,FALSE
"TCTX","GSM395248","1866",0.933028306723799,5393.15013099041,FALSE
"TCTX","GSM395246","1847",0.931217299581865,5360.77283272678,FALSE
"TCTX","GSM395314","1614",0.933283785505716,5211.444998519,FALSE
"PONS","GSM395103","1866",0.92500277675962,5076.3432344713,FALSE
"PONS","GSM395104","4841",0.924579838037592,4939.68004463808,FALSE
"TCTX","GSM395335","1862",0.933049988700904,4873.65678327246,FALSE
"PONS","GSM395186","1840",0.93373375150658,4868.15299218289,FALSE
"TCTX","GSM395313","1613",0.936225647430973,4771.45330955735,FALSE
"CRBLM","GSM394797","1158",0.96358592313913,4679.12880154726,FALSE
"PONS","GSM395190","1862",0.931605248181635,4614.46324656641,FALSE
"PONS","GSM395170","1614",0.930436205718536,4555.99588247214,FALSE
"TCTX","GSM395263","710",0.943934581163173,4396.51430544344,FALSE
"CRBLM","GSM394892","1862",0.950898567547619,4218.9876283687,FALSE
"TCTX","GSM395332","1840",0.946958705085785,4187.60258837814,FALSE
"TCTX","GSM395312","1612",0.944944197582727,4142.74678660571,FALSE
"PONS","GSM395151","1454",0.942274918958341,4043.34801013314,FALSE
"PONS","GSM395108","4782",0.94277730918177,3991.76322676575,FALSE
"FCTX","GSM395001","1209",0.968326726320013,3967.73171932245,FALSE
"FCTX","GSM395038","1840",0.953131542945793,3954.10368099278,FALSE
"PONS","GSM395177","1713",0.944848386705307,3949.42590169671,FALSE
"PONS","GSM395100","1839",0.943736223521604,3939.30749524376,FALSE
"PONS","GSM395216","4640",0.942547160438402,3913.38481625308,FALSE
"CRBLM","GSM394893","1883",0.95559713142409,3774.84590648333,FALSE
"CRBLM","GSM394923","4725",0.956636790509106,3664.40454622334,FALSE
"TCTX","GSM395375","1158",0.952335941903617,3617.25537829861,FALSE
"FCTX","GSM395003","1260",0.955254782086741,3571.99448659601,FALSE
"PONS","GSM395110","4788",0.948768148835734,3565.62897344466,FALSE
"TCTX","GSM395241","1498",0.95253320177702,3563.16786427419,FALSE
"FCTX","GSM395021","1612",0.957809956324662,3541.21970979444,FALSE
"TCTX","GSM395297","1486",0.950640638441996,3502.92824628672,FALSE
"TCTX","GSM395268","813",0.949308539119415,3462.46632567586,FALSE
"CRBLM","GSM394808","1866",0.966670474913359,3388.78461544144,FALSE
"FCTX","GSM395022","1613",0.958288606320641,3344.94550406118,FALSE
"CRBLM","GSM394873","1613",0.960576527645034,3340.78951176347,FALSE
"PONS","GSM395162","1571",0.948662924868198,3309.09106042097,FALSE
"TCTX","GSM395296","1465",0.953675474627523,3275.031581451,FALSE
"FCTX","GSM395009","1535",0.959542448773752,3262.1400419396,FALSE
"PONS","GSM395193","1907",0.95716200089667,3259.31901891651,FALSE
"CRBLM","GSM394804","1805",0.961094757607281,3239.39371013201,FALSE
"PONS","GSM395152","1465",0.949419064645929,3238.1018409005,FALSE
"TCTX","GSM395247","1865",0.960578702366633,3219.10914797161,FALSE
"TCTX","GSM395261","604",0.956936980721036,3194.87122609274,FALSE
"PONS","GSM395234","1902",0.951916626438197,3141.19558230792,FALSE
"PONS","GSM395192","1889",0.951061761490596,3135.43336670844,FALSE
"PONS","GSM395183","1825",0.953628012018423,3101.06878601081,FALSE
"TCTX","GSM395239","1230",0.969991851695223,3090.15001879085,FALSE
"PONS","GSM395093","1230",0.954810631377215,3082.44783286951,FALSE
"PONS","GSM395136","1064",0.956814027354494,3073.21725397974,FALSE
"FCTX","GSM394956","1866",0.964063202996276,2997.53835329261,FALSE
"PONS","GSM395096","1498",0.956669255803695,2977.47554300869,FALSE
"CRBLM","GSM394858","1486",0.964147724594216,2975.10244651131,FALSE
"PONS","GSM395218","4726",0.960154377584881,2967.69809472398,FALSE
"PONS","GSM395208","4263",0.955252981467714,2914.34596372119,FALSE
"PONS","GSM395109","4786",0.95711987356008,2882.314825115,FALSE
"TCTX","GSM395360","4549",0.962185153978965,2816.65152954296,FALSE
"FCTX","GSM395030","1713",0.968929097454978,2807.66625641405,FALSE
"PONS","GSM395209","4540",0.959957849824332,2780.67164417543,FALSE
"PONS","GSM395117","604",0.958984410297889,2756.15723442595,FALSE
"PONS","GSM395106","1867",0.960459245261383,2743.22782717382,FALSE
"TCTX","GSM395333","1846",0.963131284284527,2717.95065051232,FALSE
"CRBLM","GSM394935","1133",0.971105667043369,2705.47827646726,FALSE
"TCTX","GSM395300","1535",0.960902284409183,2697.66851031477,FALSE
"PONS","GSM395168","1612",0.960895600586031,2682.63406179243,FALSE
"CRBLM","GSM394940","4903",0.971451547239949,2651.51088377533,FALSE
"FCTX","GSM394981","880",0.968322361170885,2643.16230512525,FALSE
"TCTX","GSM395253","4786",0.962873848570371,2591.10563174195,FALSE
"FCTX","GSM395041","1862",0.975999963227002,2587.42475849551,FALSE
"FCTX","GSM395039","1846",0.97084188302254,2554.39209467005,FALSE
"FCTX","GSM394952","1805",0.970879537645482,2531.53430112461,FALSE
"PONS","GSM395188","1846",0.968337109407587,2513.01779668143,FALSE
"FCTX","GSM395082","1583",0.969713338492734,2476.85110352106,FALSE
"CRBLM","GSM394942","1867",0.980609175725475,2472.50529250468,FALSE
"PONS","GSM395138","1076",0.962082995537825,2472.04936643668,FALSE
"PONS","GSM395092","1158",0.976680490545474,2441.11894718044,FALSE
"FCTX","GSM394999","1170",0.969714797736028,2428.84415367502,FALSE
"PONS","GSM395139","1078",0.966033068813146,2425.73804568138,FALSE
"TCTX","GSM395322","1713",0.969495476289522,2424.85013506186,FALSE
"PONS","GSM395153","1486",0.96419466761811,2405.08288575924,FALSE
"FCTX","GSM395058","2069",0.969871165808043,2377.80301976599,FALSE
"PONS","GSM395116","384",0.963753018263384,2341.34965510181,FALSE
"PONS","GSM395228","1583",0.965655494494405,2268.81510717941,FALSE
"PONS","GSM395098","1584",0.96558445958877,2244.8570703419,FALSE
"PONS","GSM395156","1535",0.966380377267178,2212.35583287534,FALSE
"PONS","GSM395223","4924",0.968285623394662,2197.79239631397,FALSE
"PONS","GSM395226","5078",0.968753820472108,2183.64999437934,FALSE
"TCTX","GSM395338","1902",0.96998353154286,2172.2741659873,FALSE
"PONS","GSM395222","4916",0.966429000504569,2159.42152601121,FALSE
"TCTX","GSM395359","4545",0.975489740440022,2081.21755762413,FALSE
"TCTX","GSM395244","1805",0.972149369467871,2080.91182616573,FALSE
"PONS","GSM395161","1568",0.969741238116927,2068.2184506701,FALSE
"CRBLM","GSM394872","1612",0.976647089162211,2056.95360594631,FALSE
"PONS","GSM395141","1104",0.970694717716941,2053.56948661486,FALSE
"PONS","GSM395157","1540",0.968674296247517,2050.1093434332,FALSE
"PONS","GSM395099","1805",0.970473438585043,2046.39976107591,FALSE
"FCTX","GSM394946","1230",0.978450832204112,2042.01339195726,FALSE
"FCTX","GSM395066","4549",0.976708814131454,2029.6260778125,FALSE
"CRBLM","GSM394882","1713",0.976072875505076,2021.44530990643,FALSE
"PONS","GSM395125","819",0.969366468750636,2018.51143542273,FALSE
"PONS","GSM395189","1849",0.96936042812355,2015.01089370828,FALSE
"FCTX","GSM395006","1465",0.97790408826737,1993.92265716078,FALSE
"FCTX","GSM394988","1064",0.976080422327112,1973.86831232286,FALSE
"PONS","GSM395206","2093",0.972007941514832,1950.38958382179,FALSE
"PONS","GSM395102","1865",0.97230705753014,1944.53056786681,FALSE
"CRBLM","GSM394924","4726",0.976095152730825,1944.03858858097,FALSE
"PONS","GSM395198","1936",0.97222274170829,1931.56974534159,FALSE
"CRBLM","GSM394811","4729",0.979525589581018,1907.15996256387,FALSE
"PONS","GSM395107","4729",0.970362762825927,1900.90979681709,FALSE
"PONS","GSM395237","5079",0.971745077171912,1898.41921014587,FALSE
"PONS","GSM395220","4842",0.972478193396594,1895.86596012793,FALSE
"PONS","GSM395144","1133",0.973928371582322,1877.7258538148,FALSE
"PONS","GSM395191","1883",0.970974822123969,1869.53828996692,FALSE
"PONS","GSM395164","1579",0.975110146495968,1860.17832330538,FALSE
"PONS","GSM395118","705",0.972210806209842,1839.90195158503,FALSE
"PONS","GSM395197","1935",0.973206197933275,1838.32431229423,FALSE
"PONS","GSM395199","1939",0.972183136533157,1832.70347765983,FALSE
"PONS","GSM395217","4725",0.972888152537215,1820.58550522457,FALSE
"TCTX","GSM395294","1260",0.973873216289553,1820.34434483069,FALSE
"FCTX","GSM394953","1839",0.982736393748866,1815.74001259024,FALSE
"FCTX","GSM395044","1902",0.977838993768275,1805.58167009663,FALSE
"CRBLM","GSM394812","4782",0.978001560770775,1792.64673448591,FALSE
"PONS","GSM395129","880",0.972732241128872,1760.18630391121,FALSE
"CRBLM","GSM394818","5087",0.979516389802572,1744.33192770851,FALSE
"PONS","GSM395095","1361",0.974909123002825,1731.99844028124,FALSE
"CRBLM","GSM394807","1865",0.982579124197164,1730.43727665355,FALSE
"CRBLM","GSM394798","1230",0.979361942469007,1724.78222197249,FALSE
"PONS","GSM395230","602",0.973890807115898,1711.98543419902,FALSE
"CRBLM","GSM394805","1839",0.986858198440653,1711.73673074569,FALSE
"PONS","GSM395158","1544",0.974039497811582,1701.93594273455,FALSE
"PONS","GSM395148","1209",0.981095066097608,1686.35444118769,FALSE
"PONS","GSM395213","4593",0.978737102808213,1678.51345234707,FALSE
"PONS","GSM395154","1496",0.974759906085477,1657.00555476074,FALSE
"CRBLM","GSM394809","4841",0.982009870372253,1618.1270681694,FALSE
"FCTX","GSM395054","2000",0.9798251482991,1594.11402107148,FALSE
"FCTX","GSM395085","1486",0.981440377791982,1593.80081872461,FALSE
"PONS","GSM395128","879",0.976652099293851,1592.43983117377,FALSE
"PONS","GSM395155","1502",0.978842687693948,1573.63136031338,FALSE
"FCTX","GSM394959","4729",0.98717351254449,1556.19361721708,FALSE
"PONS","GSM395195","1917",0.980176972060833,1555.17795519665,FALSE
"PONS","GSM395202","2000",0.978714234532298,1541.76700461824,FALSE
"TCTX","GSM395245","1839",0.977786510564057,1535.86730719916,FALSE
"TCTX","GSM395243","1584",0.982745965156681,1530.02765618827,FALSE
"PONS","GSM395219","4727",0.978191249924167,1512.43707103145,FALSE
"PONS","GSM395131","927",0.979323862215093,1508.35707956414,FALSE
"PONS","GSM395111","4789",0.977784465218873,1503.69054642909,FALSE
"TCTX","GSM395336","1883",0.978139992155385,1497.30016182309,FALSE
"CRBLM","GSM394851","1206",0.986577454037092,1493.75990622596,FALSE
"PONS","GSM395163","1578",0.97983804293031,1476.84433096579,FALSE
"PONS","GSM395166","1603",0.979619682692775,1469.99402212964,FALSE
"CRBLM","GSM394800","1361",0.988886048148266,1468.45025202974,FALSE
"FCTX","GSM395007","1496",0.981896273900492,1452.47796235781,FALSE
"CRBLM","GSM394903","1939",0.985018151599718,1440.53025233968,FALSE
"TCTX","GSM395355","4263",0.979267447894966,1439.12255865603,FALSE
"PONS","GSM395113","5086",0.980353855976643,1431.09753605909,FALSE
"CRBLM","GSM394817","5086",0.983437902249521,1428.84122697728,FALSE
"PONS","GSM395140","1079",0.980131364006205,1427.56830146864,FALSE
"FCTX","GSM395084","602",0.982461602038058,1410.60519640169,FALSE
"FCTX","GSM394951","1584",0.987160342329407,1399.98878808935,FALSE
"FCTX","GSM394963","4789",0.984279200293158,1398.47702381331,FALSE
"CRBLM","GSM394833","880",0.98307200815582,1395.05378744941,FALSE
"FCTX","GSM395071","4640",0.982765033993399,1391.60058156688,FALSE
"FCTX","GSM395090","1924",0.9828130943824,1389.02345336813,FALSE
"PONS","GSM395134","994",0.978934422105402,1386.58930010244,FALSE
"FCTX","GSM394982","914",0.984060389465518,1382.73769719531,FALSE
"PONS","GSM395235","4545",0.982182147959849,1362.04622973598,FALSE
"FCTX","GSM395089","1867",0.983589526294559,1356.71565491919,FALSE
"TCTX","GSM395348","2000",0.980195594642698,1353.99187911899,FALSE
"FCTX","GSM395081","5078",0.985258808507636,1353.48703480037,FALSE
"TCTX","GSM395372","5024",0.98116438719386,1352.63133567077,FALSE
"PONS","GSM395214","4598",0.980062591643663,1352.38828388317,FALSE
"PONS","GSM395221","4903",0.979953724026581,1351.88708623757,FALSE
"TCTX","GSM395331","1838",0.981309625934647,1340.88834053545,FALSE
"PONS","GSM395121","713",0.97981781557284,1333.94083352779,FALSE
"CRBLM","GSM394905","1961",0.990468053485307,1327.69117578942,FALSE
"PONS","GSM395142","1105",0.980575212507219,1318.71482978543,FALSE
"TCTX","GSM395317","1652",0.981171168504144,1317.37530391979,FALSE
"FCTX","GSM395042","1883",0.983325295934378,1315.04503247609,FALSE
"TCTX","GSM395286","1114",0.981957004919441,1314.21347433792,FALSE
"PONS","GSM395196","1924",0.980692190112869,1307.12019037886,FALSE
"FCTX","GSM394961","4786",0.984108892334891,1303.48582164239,FALSE
"FCTX","GSM395031","1775",0.984679205048747,1299.95984836447,FALSE
"PONS","GSM395171","1640",0.980066691206391,1285.31962573263,FALSE
"CRBLM","GSM394914","4540",0.987928276827187,1280.93179615185,FALSE
"CRBLM","GSM394840","1064",0.984235800700198,1276.2982488239,FALSE
"CRBLM","GSM394932","1583",0.984408945224327,1269.6854654643,FALSE
"TCTX","GSM395250","1867",0.982671183875964,1263.49568760358,FALSE
"CRBLM","GSM394862","1544",0.98641952318763,1257.71138542406,FALSE
"CRBLM","GSM394908","2037",0.985813166464951,1248.46915183526,FALSE
"FCTX","GSM395010","1540",0.987399717150471,1243.70972123387,FALSE
"PONS","GSM395127","871",0.981601787197075,1239.3758787231,FALSE
"FCTX","GSM394973","713",0.98882628671592,1235.91123049586,FALSE
"FCTX","GSM395062","4540",0.984561182025549,1226.60189762363,FALSE
"FCTX","GSM394969","604",0.986361286328108,1225.82106133725,FALSE
"PONS","GSM395149","1260",0.98318850014453,1225.48517294091,FALSE
"PONS","GSM395232","1226",0.982706290759976,1225.04554286696,FALSE
"PONS","GSM395180","1795",0.983229853569342,1218.29382555315,FALSE
"TCTX","GSM395258","5087",0.982604441422304,1214.71508622442,FALSE
"PONS","GSM395145","1134",0.983413496327112,1214.47626715802,FALSE
"FCTX","GSM394996","1133",0.984805027071429,1211.64952550881,FALSE
"TCTX","GSM395302","1544",0.983726293620015,1210.59441363477,FALSE
"FCTX","GSM394965","5086",0.986069570336141,1208.03246488515,FALSE
"TCTX","GSM395260","384",0.983963259248809,1202.43413253413,FALSE
"PONS","GSM395179","1792",0.983301401430779,1201.06790183108,FALSE
"PONS","GSM395182","1802",0.981845632315859,1193.93987380304,FALSE
"CRBLM","GSM394916","4543",0.987186468324131,1180.05293655414,FALSE
"FCTX","GSM394970","705",0.985132285001486,1175.74869649046,FALSE
"PONS","GSM395147","1206",0.983052085166934,1175.47251689396,FALSE
"PONS","GSM395146","1170",0.984354414369582,1172.24790985184,FALSE
"PONS","GSM395200","1940",0.985362639203264,1169.80288752231,FALSE
"CRBLM","GSM394819","142",0.986068153927525,1158.0554126971,FALSE
"TCTX","GSM395384","5079",0.983114654311929,1156.37363480611,FALSE
"PONS","GSM395211","4543",0.983179205810993,1147.01556261637,FALSE
"FCTX","GSM395051","1939",0.98641683595901,1146.93351967932,FALSE
"CRBLM","GSM394815","4789",0.987143712355681,1142.91023125011,FALSE
"PONS","GSM395167","1611",0.9835595830612,1141.69663942567,FALSE
"TCTX","GSM395329","1827",0.984118434332532,1140.11723144229,FALSE
"TCTX","GSM395275","927",0.983898951035732,1132.61070676516,FALSE
"PONS","GSM395174","1672",0.984117106438222,1131.90709546765,FALSE
"TCTX","GSM395325","1795",0.985745112753217,1126.84204550019,FALSE
"PONS","GSM395194","1909",0.983906444677908,1124.06190272997,FALSE
"TCTX","GSM395381","1078",0.983837555458991,1109.25698029838,FALSE
"CRBLM","GSM394857","1465",0.987563086062522,1104.55348657038,FALSE
"PONS","GSM395124","813",0.985689435107559,1101.37531262453,FALSE
"TCTX","GSM395354","2102",0.985206692214784,1099.36356553762,FALSE
"CRBLM","GSM394922","4636",0.986475502728463,1096.06389095544,FALSE
"FCTX","GSM395035","1827",0.986347446177549,1094.06060460974,FALSE
"FCTX","GSM394991","1078",0.987247959378887,1093.91282583415,FALSE
"FCTX","GSM395045","1903",0.988651796938938,1086.12817462375,FALSE
"PONS","GSM395225","5028",0.983993005395545,1085.89328452413,FALSE
"PONS","GSM395207","2102",0.985754976150242,1081.53149270246,FALSE
"PONS","GSM395132","933",0.985717892612271,1077.9236157048,FALSE
"CRBLM","GSM394821","604",0.987958546184964,1075.94695823546,FALSE
"CRBLM","GSM394936","1792",0.989115069359956,1069.5162418989,FALSE
"PONS","GSM395130","914",0.984929029690504,1060.86922762564,FALSE
"FCTX","GSM394975","745",0.986677020563945,1060.22882167855,FALSE
"FCTX","GSM395061","4263",0.986600521296547,1054.65271453399,FALSE
"PONS","GSM395236","4549",0.985702262560418,1051.94744717183,FALSE
"FCTX","GSM394989","1065",0.991601690258253,1049.60640983438,FALSE
"FCTX","GSM395076","4903",0.986857350158203,1049.36849315442,FALSE
"TCTX","GSM395383","4726",0.985343318522155,1048.59958712289,FALSE
"CRBLM","GSM394822","705",0.987378346751501,1047.21495573241,FALSE
"PONS","GSM395215","4636",0.984275813694585,1046.54547366354,FALSE
"PONS","GSM395172","1648",0.984969943444789,1044.90553491577,FALSE
"FCTX","GSM395008","1502",0.989191217895078,1042.31991604682,FALSE
"PONS","GSM395123","745",0.98419158483885,1042.27673629748,FALSE
"TCTX","GSM395298","1496",0.984872124971519,1034.07135572406,FALSE
"CRBLM","GSM394866","1571",0.98794577168463,1027.8638241152,FALSE
"CRBLM","GSM394887","1827",0.988606250905079,1026.3454532585,FALSE
"CRBLM","GSM394933","1715",0.988175873688466,1023.20628125709,FALSE
"FCTX","GSM395048","1917",0.987347777965299,1021.93979326356,FALSE
"FCTX","GSM395025","1652",0.988005784321221,1018.43303732978,FALSE
"CRBLM","GSM394820","384",0.991294904022173,1015.86925726643,FALSE
"CRBLM","GSM394899","1917",0.988724256543278,1013.58254475617,FALSE
"CRBLM","GSM394831","871",0.988964211792634,1013.10115896652,FALSE
"CRBLM","GSM394859","1496",0.9876683586247,1012.91031431098,FALSE
"PONS","GSM395227","1827",0.984675363956141,1011.33870795526,FALSE
"TCTX","GSM395346","1940",0.986536743736702,1009.0914287419,FALSE
"CRBLM","GSM394853","1226",0.990030888245301,1005.05978601405,FALSE
"CRBLM","GSM394939","4640",0.988052240830259,997.200536093102,FALSE
"FCTX","GSM394960","4782",0.988203984453801,996.279101039591,FALSE
"FCTX","GSM395052","1940",0.988054639342075,995.455711095826,FALSE
"CRBLM","GSM394941","5079",0.988985570637314,991.591007018755,FALSE
"FCTX","GSM395020","1611",0.987627294866044,987.615640118231,FALSE
"FCTX","GSM395026","1668",0.988197020444224,984.064354684497,FALSE
"PONS","GSM395137","1065",0.987844402611143,974.339669671938,FALSE
"PONS","GSM395165","1595",0.986340734331932,964.838516450018,FALSE
"TCTX","GSM395251","4729",0.988155011646092,962.102728728049,FALSE
"TCTX","GSM395281","1065",0.98719773736658,958.870194631642,FALSE
"FCTX","GSM395064","4543",0.988526253404704,958.171682490336,FALSE
"CRBLM","GSM394907","2020",0.991196582868075,957.224768081991,FALSE
"PONS","GSM395181","1797",0.985820130102568,950.991436092829,FALSE
"FCTX","GSM395012","1545",0.988570304430639,948.776820294921,FALSE
"FCTX","GSM395087","1825",0.988185172122743,945.038363978866,FALSE
"CRBLM","GSM394915","4542",0.991988986290316,943.955313809807,FALSE
"CRBLM","GSM394829","819",0.989228389906559,940.054843447125,FALSE
"TCTX","GSM395337","1889",0.986478371726298,939.365093198803,FALSE
"PONS","GSM395210","4542",0.986368383246134,928.04041770009,FALSE
"PONS","GSM395159","1545",0.986125331205516,926.161118030728,FALSE
"PONS","GSM395205","2069",0.985905166238554,925.986314582051,FALSE
"FCTX","GSM394948","1361",0.990642512613875,920.236351664361,FALSE
"TCTX","GSM395299","1502",0.986836237395627,919.228217164197,FALSE
"PONS","GSM395231","1136",0.987247979336613,919.082479069453,FALSE
"PONS","GSM395203","2020",0.986392904620627,913.890209330162,FALSE
"FCTX","GSM395034","1802",0.989387882318518,911.228003331984,FALSE
"CRBLM","GSM394863","1545",0.98921755323204,907.050629434943,FALSE
"PONS","GSM395115","142",0.98666711921591,903.100022510225,FALSE
"CRBLM","GSM394885","1797",0.98989083956116,899.568660022767,FALSE
"FCTX","GSM395075","4842",0.990121705095148,898.560990934369,FALSE
"FCTX","GSM394971","710",0.989528871487603,893.803939510268,FALSE
"CRBLM","GSM394879","1672",0.99017144259903,892.323132761026,FALSE
"CRBLM","GSM394825","713",0.990068145121886,891.164605449538,FALSE
"TCTX","GSM395266","719",0.988372300945288,887.884542584871,FALSE
"CRBLM","GSM394909","2066",0.989565324262693,884.866262607164,FALSE
"PONS","GSM395173","1668",0.986788348607369,883.925737673847,FALSE
"CRBLM","GSM394852","1209",0.991229700041879,882.03677236992,FALSE
"TCTX","GSM395365","4640",0.987750286881345,880.304394627228,FALSE
"PONS","GSM395150","1326",0.987189557420877,880.03136788167,FALSE
"TCTX","GSM395316","1648",0.988699950277003,876.535085556126,FALSE
"CRBLM","GSM394917","4545",0.992005511900135,871.445130789331,FALSE
"CRBLM","GSM394860","1502",0.989928130067174,869.766079246935,FALSE
"CRBLM","GSM394904","1940",0.990906922483317,867.459206116713,FALSE
"TCTX","GSM395358","4543",0.988403374674114,866.311190266606,FALSE
"FCTX","GSM394972","712",0.991177263272562,865.11217718525,FALSE
"FCTX","GSM395032","1792",0.989675509155649,860.192020685138,FALSE
"TCTX","GSM395264","712",0.990059043852576,859.257185156793,FALSE
"CRBLM","GSM394919","4590",0.991615085426345,858.693079366158,FALSE
"CRBLM","GSM394868","1579",0.991453971327397,852.463894611397,FALSE
"TCTX","GSM395267","745",0.988127113243009,849.261513806367,FALSE
"TCTX","GSM395357","4542",0.988297702951411,849.082154423888,FALSE
"CRBLM","GSM394823","710",0.989651477431652,840.905189837718,FALSE
"FCTX","GSM395073","4726",0.989453233501629,837.939485348068,FALSE
"PONS","GSM395201","1961",0.990468224112869,836.753511710961,FALSE
"PONS","GSM395135","1037",0.987098861053417,835.018651542156,FALSE
"CRBLM","GSM394883","1775",0.990457395086222,833.935035691328,FALSE
"FCTX","GSM394966","5087",0.989841871127218,830.932278778629,FALSE
"TCTX","GSM395280","1064",0.988045806386985,830.888863600195,FALSE
"FCTX","GSM395070","4636",0.990083576560346,828.041982852713,FALSE
"CRBLM","GSM394843","1078",0.991247482661498,826.3150151839,FALSE
"TCTX","GSM395373","5028",0.988436201121983,823.806807659659,FALSE
"CRBLM","GSM394877","1652",0.990252075910147,821.466541437854,FALSE
"PONS","GSM395178","1775",0.987899353687926,820.934101218679,FALSE
"FCTX","GSM394985","993",0.990604074984891,816.373713398679,FALSE
"TCTX","GSM395289","1136",0.988483620424074,814.811157204194,FALSE
"CRBLM","GSM394895","1902",0.990728649883917,814.058425197664,FALSE
"CRBLM","GSM394836","933",0.990046516035045,810.673535868003,FALSE
"FCTX","GSM395059","2093",0.989929248029245,810.626284372875,FALSE
"TCTX","GSM395279","1037",0.988297343754191,808.597771462202,FALSE
"TCTX","GSM395295","1326",0.988802000103325,805.207911518775,FALSE
"TCTX","GSM395327","1802",0.99010932360337,803.801628164484,FALSE
"CRBLM","GSM394849","1136",0.991304940874157,803.702822016488,FALSE
"TCTX","GSM395252","4782",0.988471069094484,802.662959206054,FALSE
"FCTX","GSM395065","4545",0.990788566130139,798.969276527526,FALSE
"TCTX","GSM395334","1849",0.988693355834607,798.178077610407,FALSE
"CRBLM","GSM394826","719",0.990278599508417,798.073774592627,FALSE
"TCTX","GSM395367","4727",0.988593961121376,797.899719510255,FALSE
"FCTX","GSM395004","1326",0.990587714888125,796.466271344884,FALSE
"TCTX","GSM395284","1104",0.989732645494349,793.346073331823,FALSE
"CRBLM","GSM394900","1924",0.990654468865568,791.468667402562,FALSE
"TCTX","GSM395328","1825",0.990134245848756,791.261990103912,FALSE
"TCTX","GSM395370","4916",0.988712484092132,790.381869013587,FALSE
"TCTX","GSM395385","1454",0.989267029744483,789.580485404905,FALSE
"TCTX","GSM395378","1583",0.989164832308228,788.279789127315,FALSE
"TCTX","GSM395311","1611",0.989745266058545,787.380040512523,FALSE
"TCTX","GSM395305","1568",0.988908312748032,786.646441632979,FALSE
"FCTX","GSM395011","1544",0.99061500325385,784.690360578111,FALSE
"PONS","GSM395233","1652",0.988391744958493,781.158230104898,FALSE
"TCTX","GSM395301","1540",0.989448570858027,780.253967027655,FALSE
"FCTX","GSM395040","1849",0.990716403618646,779.393994393727,FALSE
"PONS","GSM395143","1114",0.988457826805083,778.827788884131,FALSE
"FCTX","GSM395079","5024",0.990188530396428,776.779625549255,FALSE
"TCTX","GSM395349","2020",0.989098372889197,775.734108264714,FALSE
"TCTX","GSM395326","1797",0.989403528894101,766.52561749484,FALSE
"CRBLM","GSM394891","1849",0.990799911810511,766.103326313554,FALSE
"TCTX","GSM395259","142",0.991517629486367,763.260327283943,FALSE
"PONS","GSM395224","5024",0.988674640723052,762.593388911101,FALSE
"FCTX","GSM394994","1105",0.991530089399359,761.402651875394,FALSE
"FCTX","GSM394990","1076",0.992335557989875,761.196620296154,FALSE
"CRBLM","GSM394884","1795",0.992007121455942,759.180978644305,FALSE
"CRBLM","GSM394913","4263",0.990944724415469,755.499332053523,FALSE
"TCTX","GSM395345","1939",0.990178369945874,754.45558101851,FALSE
"TCTX","GSM395324","1792",0.989029541604311,753.597371382944,FALSE
"CRBLM","GSM394837","993",0.99080875363432,750.470870035546,FALSE
"CRBLM","GSM394918","4549",0.991215456588792,750.260893470253,FALSE
"FCTX","GSM395005","1454",0.990802777152067,749.447278587695,FALSE
"CRBLM","GSM394871","1611",0.991750104754844,749.317675671032,FALSE
"CRBLM","GSM394880","1710",0.991551924633009,748.265274813243,FALSE
"TCTX","GSM395339","1903",0.99041769781847,741.541394149307,FALSE
"FCTX","GSM394979","871",0.991408193765057,740.306484503538,FALSE
"TCTX","GSM395255","4789",0.989271895049581,740.237905824823,FALSE
"PONS","GSM395185","1838",0.991114936202313,740.086491141111,FALSE
"CRBLM","GSM394865","1568",0.991196610358553,738.720284465113,FALSE
"TCTX","GSM395262","705",0.989648366801205,738.064541061922,FALSE
"CRBLM","GSM394844","1079",0.992438770257446,737.803555101189,FALSE
"FCTX","GSM394995","1114",0.991792972588134,736.187383972897,FALSE
"CRBLM","GSM394930","5028",0.991602080156088,734.116977095796,FALSE
"TCTX","GSM395257","5086",0.991498632748429,733.721082030135,FALSE
"PONS","GSM395176","1712",0.989160417178158,733.274130677072,FALSE
"FCTX","GSM395014","1568",0.99135347460862,728.143320266067,FALSE
"FCTX","GSM395088","5079",0.990779980956626,727.948463204936,FALSE
"FCTX","GSM395074","4727",0.991401831695545,723.41622295926,FALSE
"TCTX","GSM395290","1170",0.989526964234568,722.233679254526,FALSE
"PONS","GSM395120","712",0.98904699531653,721.724949992169,FALSE
"TCTX","GSM395323","1775",0.990354224142154,720.743732428806,FALSE
"PONS","GSM395119","710",0.989023345092811,720.456531127982,FALSE
"FCTX","GSM395002","1226",0.991216737393114,719.94150902311,FALSE
"TCTX","GSM395380","602",0.99004706048113,715.33691419535,FALSE
"PONS","GSM395133","993",0.989713658690382,714.849905441096,FALSE
"CRBLM","GSM394896","1903",0.991491872153037,714.767913762369,FALSE
"TCTX","GSM395368","4842",0.989789830696651,707.086331430047,FALSE
"FCTX","GSM394998","1136",0.991296205265438,706.857891275529,FALSE
"TCTX","GSM395382","1917",0.990638688877438,706.026734305214,FALSE
"FCTX","GSM394968","384",0.992031403186666,692.798490776157,FALSE
"FCTX","GSM395068","4593",0.992607088305216,692.562321000937,FALSE
"CRBLM","GSM394897","1907",0.991713818298696,691.490069731881,FALSE
"CRBLM","GSM394848","1134",0.993320395696753,690.002437970461,FALSE
"PONS","GSM395229","1715",0.989394521737737,689.611655741694,FALSE
"FCTX","GSM395018","1595",0.99136102295734,687.987812043498,FALSE
"PONS","GSM395212","4590",0.990090590013029,687.330959376115,FALSE
"CRBLM","GSM394911","2093",0.991531406431132,686.966975112624,FALSE
"CRBLM","GSM394881","1712",0.993497153579756,686.38878632391,FALSE
"TCTX","GSM395369","4903",0.990519704287996,686.318578491397,FALSE
"TCTX","GSM395319","1672",0.990870559856538,684.770782503972,FALSE
"FCTX","GSM394974","719",0.991468325186248,682.090919455807,FALSE
"PONS","GSM395160","1556",0.989918270852713,678.520735967974,FALSE
"TCTX","GSM395371","4924",0.990614295163868,677.711386844598,FALSE
"FCTX","GSM394984","933",0.99210675953282,676.541315344454,FALSE
"CRBLM","GSM394934","602",0.991826051050965,676.264263824002,FALSE
"PONS","GSM395204","2066",0.990331367262796,675.282263991047,FALSE
"TCTX","GSM395361","4590",0.99063100867133,671.953036881578,FALSE
"PONS","GSM395175","1710",0.99014968765829,671.933391897329,FALSE
"PONS","GSM395126","827",0.990636884839218,670.002306237742,FALSE
"CRBLM","GSM394832","879",0.992358814952914,664.073973475065,FALSE
"TCTX","GSM395277","993",0.991359940854498,662.966844369087,FALSE
"TCTX","GSM395321","1712",0.990840620645816,659.004465481845,FALSE
"TCTX","GSM395379","1715",0.990419307226213,656.027395506574,FALSE
"FCTX","GSM395060","2102",0.991915256283032,652.970565675695,FALSE
"CRBLM","GSM394856","1454",0.992824598594376,652.688566967264,FALSE
"FCTX","GSM395083","1715",0.99179188805645,649.834894903116,FALSE
"CRBLM","GSM394841","1065",0.992104871361768,647.782831096667,FALSE
"CRBLM","GSM394912","2102",0.992515124729298,647.125787306667,FALSE
"TCTX","GSM395306","1571",0.991302122683049,639.964786576134,FALSE
"TCTX","GSM395273","880",0.991058852227225,638.314283775866,FALSE
"FCTX","GSM395047","1909",0.992628038585728,636.694307889685,FALSE
"CRBLM","GSM394888","1838",0.99239843847377,636.573482450299,FALSE
"FCTX","GSM395086","1640",0.992537046597125,634.919630952051,FALSE
"FCTX","GSM395078","4924",0.992563037752238,634.870294803356,FALSE
"FCTX","GSM394976","813",0.99226549125087,634.86940580445,FALSE
"TCTX","GSM395292","1209",0.991333514069635,632.355229334587,FALSE
"CRBLM","GSM394928","4924",0.99263884596504,632.328281491878,FALSE
"PONS","GSM395122","719",0.990875354910023,632.203583480903,FALSE
"TCTX","GSM395356","4540",0.991024845805859,629.844065055123,FALSE
"CRBLM","GSM394925","4727",0.992767088971965,626.61672947351,FALSE
"CRBLM","GSM394929","5024",0.994069233401639,625.293773271829,FALSE
"TCTX","GSM395310","1603",0.991791209990867,622.846981473919,FALSE
"CRBLM","GSM394869","1595",0.992458439753441,621.087726710245,FALSE
"TCTX","GSM395265","713",0.991112487119242,619.751941460176,FALSE
"TCTX","GSM395363","4598",0.991099658954182,618.734600713807,FALSE
"TCTX","GSM395364","4636",0.991933283506521,618.179451961472,FALSE
"TCTX","GSM395293","1226",0.991833999727558,616.365012355666,FALSE
"CRBLM","GSM394835","927",0.992523462153604,609.784240216977,FALSE
"FCTX","GSM395015","1571",0.993335497129374,609.678138634946,FALSE
"FCTX","GSM395043","1889",0.992466614743049,609.147041695506,FALSE
"FCTX","GSM395053","1961",0.992759638174846,608.957831751665,FALSE
"CRBLM","GSM394931","5078",0.99332779049141,608.714324766039,FALSE
"TCTX","GSM395308","1579",0.991396584797275,605.870229784152,FALSE
"CRBLM","GSM394894","1889",0.992846915011321,605.653589943377,FALSE
"FCTX","GSM394992","1079",0.992382636453789,605.642327787736,FALSE
"CRBLM","GSM394920","4593",0.993502804646422,605.453075587293,FALSE
"TCTX","GSM395374","5078",0.991456799674752,602.576412115602,FALSE
"FCTX","GSM395029","1712",0.992406281267555,602.261921941854,FALSE
"CRBLM","GSM394850","1170",0.993453773036897,601.438593235196,FALSE
"TCTX","GSM395350","2037",0.992252488477125,599.119309357017,FALSE
"TCTX","GSM395366","4725",0.991740017756477,598.442847514625,FALSE
"FCTX","GSM395056","2037",0.993212906376888,597.83251869702,FALSE
"TCTX","GSM395340","1907",0.991484639474783,593.105458127923,FALSE
"FCTX","GSM394986","994",0.993294733681463,591.62659018292,FALSE
"TCTX","GSM395291","1206",0.991765860973271,590.484818527073,FALSE
"FCTX","GSM395000","1206",0.992623418296639,590.345407039438,FALSE
"TCTX","GSM395270","827",0.9921344190306,589.039383588469,FALSE
"TCTX","GSM395240","1361",0.99209693079358,588.108763812733,FALSE
"FCTX","GSM395027","1672",0.99280263818373,588.010995190827,FALSE
"FCTX","GSM395057","2066",0.992903921494728,587.770485131224,FALSE
"CRBLM","GSM394827","745",0.992828579913248,586.684148982619,FALSE
"FCTX","GSM395072","4725",0.992604035283269,584.29982993259,FALSE
"CRBLM","GSM394855","1326",0.993060885334194,583.773803789416,FALSE
"FCTX","GSM394983","927",0.99317499930384,574.682227310741,FALSE
"CRBLM","GSM394927","4916",0.993232882523929,569.700436998556,FALSE
"TCTX","GSM395318","1668",0.991820110219432,569.476127730684,FALSE
"CRBLM","GSM394886","1802",0.993845843091207,567.219087663566,FALSE
"CRBLM","GSM394906","2000",0.993078082173248,566.228613045834,FALSE
"CRBLM","GSM394921","4598",0.99313349530227,560.987848659957,FALSE
"TCTX","GSM395315","1640",0.99235536559124,560.703297880192,FALSE
"CRBLM","GSM394875","1640",0.993126626811251,560.298984603961,FALSE
"TCTX","GSM395276","933",0.992002994255966,559.409979070133,FALSE
"TCTX","GSM395274","914",0.992509256671942,559.28594885048,FALSE
"FCTX","GSM395069","4598",0.993342128001612,558.224536729437,FALSE
"FCTX","GSM395017","1579",0.993167646544103,555.394089093217,FALSE
"FCTX","GSM395063","4542",0.993245903059748,553.807504460058,FALSE
"CRBLM","GSM394898","1909",0.993414539737452,552.027975427913,FALSE
"CRBLM","GSM394846","1105",0.994274735719264,547.751940333271,FALSE
"TCTX","GSM395347","1961",0.992410344404315,542.358124500787,FALSE
"TCTX","GSM395309","1595",0.992162322139583,540.810338397187,FALSE
"TCTX","GSM395304","1556",0.992928749029483,539.962770458105,FALSE
"CRBLM","GSM394878","1668",0.993446476865297,537.521946545461,FALSE
"CRBLM","GSM394864","1556",0.993634581441445,536.066753872257,FALSE
"FCTX","GSM395046","1907",0.993525674488615,535.789281274481,FALSE
"TCTX","GSM395320","1710",0.993325071706259,533.753046812669,FALSE
"TCTX","GSM395303","1545",0.99271378314166,529.035515696422,FALSE
"TCTX","GSM395362","4593",0.992954019963553,528.234013248626,FALSE
"CRBLM","GSM394870","1603",0.993807539770218,525.523353224319,FALSE
"CRBLM","GSM394824","712",0.994149770869866,525.307741304313,FALSE
"FCTX","GSM395028","1710",0.993530056551048,521.547702415834,FALSE
"FCTX","GSM395024","1648",0.993652144134366,520.266602098358,FALSE
"TCTX","GSM395307","1578",0.993311703696456,513.415413110036,FALSE
"CRBLM","GSM394876","1648",0.994024413095484,512.698136665786,FALSE
"CRBLM","GSM394926","4842",0.994406433467885,511.789455614232,FALSE
"FCTX","GSM395019","1603",0.993794560901606,506.12318773298,FALSE
"FCTX","GSM394993","1104",0.993760977171464,503.856848247126,FALSE
"FCTX","GSM395037","1838",0.993675878242156,503.644412495228,FALSE
"CRBLM","GSM394901","1935",0.993819820161627,502.890998894544,FALSE
"TCTX","GSM395341","1909",0.992845433794716,502.630852284902,FALSE
"CRBLM","GSM394838","994",0.994511361808972,501.796385506651,FALSE
"CRBLM","GSM394867","1578",0.993906944118412,498.955134386782,FALSE
"FCTX","GSM394977","819",0.993838945294473,498.380706506468,FALSE
"FCTX","GSM395080","5028",0.993902380697994,495.393572106224,FALSE
"FCTX","GSM395013","1556",0.994903962133366,494.401720840126,FALSE
"TCTX","GSM395282","1076",0.994180473145324,486.882582985475,FALSE
"FCTX","GSM395016","1578",0.993988196296871,486.381103664889,FALSE
"TCTX","GSM395272","879",0.993597879349108,485.03594815962,FALSE
"FCTX","GSM395077","4916",0.99448543634873,479.482225283141,FALSE
"FCTX","GSM395050","1936",0.994632446265875,478.9456714257,FALSE
"TCTX","GSM395278","994",0.993139464378251,472.858667386648,FALSE
"CRBLM","GSM394845","1104",0.994311729952766,466.407536980475,FALSE
"TCTX","GSM395285","1105",0.993405062825982,465.375717092103,FALSE
"TCTX","GSM395271","871",0.993348678107272,462.254457070793,FALSE
"FCTX","GSM394997","1134",0.994462648501365,458.761481158416,FALSE
"FCTX","GSM395055","2020",0.994303980826381,457.599916843403,FALSE
"CRBLM","GSM394847","1114",0.99442911958974,454.135352338528,FALSE
"FCTX","GSM395067","4590",0.99434620296524,449.366560730948,FALSE
"TCTX","GSM395287","1133",0.994369020426493,438.935165976732,FALSE
"TCTX","GSM395288","1134",0.995168081710551,429.11597304542,FALSE
"CRBLM","GSM394828","813",0.995409430559418,428.312939978236,FALSE
"FCTX","GSM395049","1935",0.994713814044104,428.060717059238,FALSE
"FCTX","GSM395033","1795",0.994604608575136,427.694082602856,FALSE
"FCTX","GSM394980","879",0.994957012335621,421.725704981226,FALSE
"FCTX","GSM394978","827",0.994874613661413,421.411447391755,FALSE
"TCTX","GSM395351","2066",0.994235323734288,415.54685189821,FALSE
"TCTX","GSM395342","1924",0.994241846981259,396.839447971811,FALSE
"FCTX","GSM394967","142",0.995089399939754,388.538786842852,FALSE
"TCTX","GSM395343","1935",0.994963961711092,380.523727721201,FALSE
"TCTX","GSM395269","819",0.994617471340699,375.906171859593,FALSE
"CRBLM","GSM394834","914",0.995428255673623,372.125631183088,FALSE
"CRBLM","GSM394902","1936",0.995482177835586,371.674013384114,FALSE
"TCTX","GSM395344","1936",0.995841545224679,322.999387014428,FALSE
"TCTX","GSM395283","1079",0.995858937117565,310.799282613677,FALSE
